bank,scenario,quarter,tier1_ratio,liquidity_gap_12m,deposits_remaining_usd_000,deposit_runoff_usd_000,securities_mtm_loss_usd_000,sec_loss_pct_of_tier1
Bank of America,Baseline,Q0,0.126419,0.371026,2025124000,0,0,0.000000
Bank of America,Baseline,Q1,0.126752,0.371026,2025124000,0,0,0.000000
Bank of America,Baseline,Q2,0.127085,0.371026,2025124000,0,0,0.000000
Bank of America,Baseline,Q3,0.127419,0.371026,2025124000,0,0,0.000000
Bank of America,Baseline,Q4,0.127752,0.371026,2025124000,0,0,0.000000
Bank of America,Baseline,Q5,0.128085,0.371026,2025124000,0,0,0.000000
Bank of America,Baseline,Q6,0.128419,0.371026,2025124000,0,0,0.000000
Bank of America,Baseline,Q7,0.128752,0.371026,2025124000,0,0,0.000000
Bank of America,Baseline,Q8,0.129085,0.371026,2025124000,0,0,0.000000
Bank of America,Baseline,Q9,0.129419,0.371026,2025124000,0,0,0.000000
Bank of America,Adverse,Q0,0.126419,0.371026,2025124000,0,0,0.000000
Bank of America,Adverse,Q1,0.124419,0.363792,1999809950,25314050,6407745,0.028282
Bank of America,Adverse,Q2,0.122419,0.356557,1974495900,50628100,12815490,0.056564
Bank of America,Adverse,Q3,0.120419,0.349323,1949181850,75942150,19223235,0.084845
Bank of America,Adverse,Q4,0.118419,0.342089,1923867800,101256200,25630980,0.113127
Bank of America,Adverse,Q5,0.116419,0.342089,1923867800,101256200,25630980,0.113127
Bank of America,Adverse,Q6,0.116419,0.342089,1923867800,101256200,25630980,0.113127
Bank of America,Adverse,Q7,0.116419,0.342089,1923867800,101256200,25630980,0.113127
Bank of America,Adverse,Q8,0.116419,0.342089,1923867800,101256200,25630980,0.113127
Bank of America,Adverse,Q9,0.116419,0.342089,1923867800,101256200,25630980,0.113127
Bank of America,Severely Adverse,Q0,0.126419,0.371026,2025124000,0,0,0.000000
Bank of America,Severely Adverse,Q1,0.120419,0.327620,1873239700,151884300,42718300,0.188545
Bank of America,Severely Adverse,Q2,0.115419,0.284215,1721355400,303768600,85436600,0.377090
Bank of America,Severely Adverse,Q3,0.111419,0.284215,1721355400,303768600,85436600,0.377090
Bank of America,Severely Adverse,Q4,0.108419,0.284215,1721355400,303768600,85436600,0.377090
Bank of America,Severely Adverse,Q5,0.109419,0.284215,1721355400,303768600,85436600,0.377090
Bank of America,Severely Adverse,Q6,0.110419,0.284215,1721355400,303768600,85436600,0.377090
Bank of America,Severely Adverse,Q7,0.111419,0.284215,1721355400,303768600,85436600,0.377090
Bank of America,Severely Adverse,Q8,0.112419,0.284215,1721355400,303768600,85436600,0.377090
Bank of America,Severely Adverse,Q9,0.113419,0.284215,1721355400,303768600,85436600,0.377090
Citigroup,Baseline,Q0,0.146831,0.394920,1505568000,0,0,0.000000
Citigroup,Baseline,Q1,0.147164,0.394920,1505568000,0,0,0.000000
Citigroup,Baseline,Q2,0.147498,0.394920,1505568000,0,0,0.000000
Citigroup,Baseline,Q3,0.147831,0.394920,1505568000,0,0,0.000000
Citigroup,Baseline,Q4,0.148164,0.394920,1505568000,0,0,0.000000
Citigroup,Baseline,Q5,0.148498,0.394920,1505568000,0,0,0.000000
Citigroup,Baseline,Q6,0.148831,0.394920,1505568000,0,0,0.000000
Citigroup,Baseline,Q7,0.149164,0.394920,1505568000,0,0,0.000000
Citigroup,Baseline,Q8,0.149498,0.394920,1505568000,0,0,0.000000
Citigroup,Baseline,Q9,0.149831,0.394920,1505568000,0,0,0.000000
Citigroup,Adverse,Q0,0.146831,0.394920,1505568000,0,0,0.000000
Citigroup,Adverse,Q1,0.144831,0.388419,1486748400,18819600,3383790,0.018701
Citigroup,Adverse,Q2,0.142831,0.381917,1467928800,37639200,6767580,0.037402
Citigroup,Adverse,Q3,0.140831,0.375416,1449109200,56458800,10151370,0.056103
Citigroup,Adverse,Q4,0.138831,0.368914,1430289600,75278400,13535160,0.074804
Citigroup,Adverse,Q5,0.136831,0.368914,1430289600,75278400,13535160,0.074804
Citigroup,Adverse,Q6,0.136831,0.368914,1430289600,75278400,13535160,0.074804
Citigroup,Adverse,Q7,0.136831,0.368914,1430289600,75278400,13535160,0.074804
Citigroup,Adverse,Q8,0.136831,0.368914,1430289600,75278400,13535160,0.074804
Citigroup,Adverse,Q9,0.136831,0.368914,1430289600,75278400,13535160,0.074804
Citigroup,Severely Adverse,Q0,0.146831,0.394920,1505568000,0,0,0.000000
Citigroup,Severely Adverse,Q1,0.140831,0.355911,1392650400,112917600,22558600,0.124674
Citigroup,Severely Adverse,Q2,0.135831,0.316902,1279732800,225835200,45117200,0.249348
Citigroup,Severely Adverse,Q3,0.131831,0.316902,1279732800,225835200,45117200,0.249348
Citigroup,Severely Adverse,Q4,0.128831,0.316902,1279732800,225835200,45117200,0.249348
Citigroup,Severely Adverse,Q5,0.129831,0.316902,1279732800,225835200,45117200,0.249348
Citigroup,Severely Adverse,Q6,0.130831,0.316902,1279732800,225835200,45117200,0.249348
Citigroup,Severely Adverse,Q7,0.131831,0.316902,1279732800,225835200,45117200,0.249348
Citigroup,Severely Adverse,Q8,0.132831,0.316902,1279732800,225835200,45117200,0.249348
Citigroup,Severely Adverse,Q9,0.133831,0.316902,1279732800,225835200,45117200,0.249348
Goldman Sachs,Baseline,Q0,0.144670,0.373468,556556000,0,0,0.000000
Goldman Sachs,Baseline,Q1,0.145003,0.373468,556556000,0,0,0.000000
Goldman Sachs,Baseline,Q2,0.145337,0.373468,556556000,0,0,0.000000
Goldman Sachs,Baseline,Q3,0.145670,0.373468,556556000,0,0,0.000000
Goldman Sachs,Baseline,Q4,0.146003,0.373468,556556000,0,0,0.000000
Goldman Sachs,Baseline,Q5,0.146337,0.373468,556556000,0,0,0.000000
Goldman Sachs,Baseline,Q6,0.146670,0.373468,556556000,0,0,0.000000
Goldman Sachs,Baseline,Q7,0.147003,0.373468,556556000,0,0,0.000000
Goldman Sachs,Baseline,Q8,0.147337,0.373468,556556000,0,0,0.000000
Goldman Sachs,Baseline,Q9,0.147670,0.373468,556556000,0,0,0.000000
Goldman Sachs,Adverse,Q0,0.144670,0.373468,556556000,0,0,0.000000
Goldman Sachs,Adverse,Q1,0.142670,0.370198,549599050,6956950,1715880,0.015001
Goldman Sachs,Adverse,Q2,0.140670,0.366928,542642100,13913900,3431760,0.030003
Goldman Sachs,Adverse,Q3,0.138670,0.363658,535685150,20870850,5147640,0.045004
Goldman Sachs,Adverse,Q4,0.136670,0.360389,528728200,27827800,6863520,0.060005
Goldman Sachs,Adverse,Q5,0.134670,0.360389,528728200,27827800,6863520,0.060005
Goldman Sachs,Adverse,Q6,0.134670,0.360389,528728200,27827800,6863520,0.060005
Goldman Sachs,Adverse,Q7,0.134670,0.360389,528728200,27827800,6863520,0.060005
Goldman Sachs,Adverse,Q8,0.134670,0.360389,528728200,27827800,6863520,0.060005
Goldman Sachs,Adverse,Q9,0.134670,0.360389,528728200,27827800,6863520,0.060005
Goldman Sachs,Severely Adverse,Q0,0.144670,0.373468,556556000,0,0,0.000000
Goldman Sachs,Severely Adverse,Q1,0.138670,0.353849,514814300,41741700,11439200,0.100009
Goldman Sachs,Severely Adverse,Q2,0.133670,0.334231,473072600,83483400,22878400,0.200017
Goldman Sachs,Severely Adverse,Q3,0.129670,0.334231,473072600,83483400,22878400,0.200017
Goldman Sachs,Severely Adverse,Q4,0.126670,0.334231,473072600,83483400,22878400,0.200017
Goldman Sachs,Severely Adverse,Q5,0.127670,0.334231,473072600,83483400,22878400,0.200017
Goldman Sachs,Severely Adverse,Q6,0.128670,0.334231,473072600,83483400,22878400,0.200017
Goldman Sachs,Severely Adverse,Q7,0.129670,0.334231,473072600,83483400,22878400,0.200017
Goldman Sachs,Severely Adverse,Q8,0.130670,0.334231,473072600,83483400,22878400,0.200017
Goldman Sachs,Severely Adverse,Q9,0.131670,0.334231,473072600,83483400,22878400,0.200017
JPMorgan Chase,Baseline,Q0,0.151339,0.296753,2713700000,0,0,0.000000
JPMorgan Chase,Baseline,Q1,0.151673,0.296753,2713700000,0,0,0.000000
JPMorgan Chase,Baseline,Q2,0.152006,0.296753,2713700000,0,0,0.000000
JPMorgan Chase,Baseline,Q3,0.152339,0.296753,2713700000,0,0,0.000000
JPMorgan Chase,Baseline,Q4,0.152673,0.296753,2713700000,0,0,0.000000
JPMorgan Chase,Baseline,Q5,0.153006,0.296753,2713700000,0,0,0.000000
JPMorgan Chase,Baseline,Q6,0.153339,0.296753,2713700000,0,0,0.000000
JPMorgan Chase,Baseline,Q7,0.153673,0.296753,2713700000,0,0,0.000000
JPMorgan Chase,Baseline,Q8,0.154006,0.296753,2713700000,0,0,0.000000
JPMorgan Chase,Baseline,Q9,0.154339,0.296753,2713700000,0,0,0.000000
JPMorgan Chase,Adverse,Q0,0.151339,0.296753,2713700000,0,0,0.000000
JPMorgan Chase,Adverse,Q1,0.149339,0.289990,2679778750,33921250,6034230,0.018698
JPMorgan Chase,Adverse,Q2,0.147339,0.283226,2645857500,67842500,12068460,0.037396
JPMorgan Chase,Adverse,Q3,0.145339,0.276462,2611936250,101763750,18102690,0.056094
JPMorgan Chase,Adverse,Q4,0.143339,0.269698,2578015000,135685000,24136920,0.074792
JPMorgan Chase,Adverse,Q5,0.141339,0.269698,2578015000,135685000,24136920,0.074792
JPMorgan Chase,Adverse,Q6,0.141339,0.269698,2578015000,135685000,24136920,0.074792
JPMorgan Chase,Adverse,Q7,0.141339,0.269698,2578015000,135685000,24136920,0.074792
JPMorgan Chase,Adverse,Q8,0.141339,0.269698,2578015000,135685000,24136920,0.074792
JPMorgan Chase,Adverse,Q9,0.141339,0.269698,2578015000,135685000,24136920,0.074792
JPMorgan Chase,Severely Adverse,Q0,0.151339,0.296753,2713700000,0,0,0.000000
JPMorgan Chase,Severely Adverse,Q1,0.145339,0.256170,2510172500,203527500,40228200,0.124654
JPMorgan Chase,Severely Adverse,Q2,0.140339,0.215587,2306645000,407055000,80456400,0.249307
JPMorgan Chase,Severely Adverse,Q3,0.136339,0.215587,2306645000,407055000,80456400,0.249307
JPMorgan Chase,Severely Adverse,Q4,0.133339,0.215587,2306645000,407055000,80456400,0.249307
JPMorgan Chase,Severely Adverse,Q5,0.134339,0.215587,2306645000,407055000,80456400,0.249307
JPMorgan Chase,Severely Adverse,Q6,0.135339,0.215587,2306645000,407055000,80456400,0.249307
JPMorgan Chase,Severely Adverse,Q7,0.136339,0.215587,2306645000,407055000,80456400,0.249307
JPMorgan Chase,Severely Adverse,Q8,0.137339,0.215587,2306645000,407055000,80456400,0.249307
JPMorgan Chase,Severely Adverse,Q9,0.138339,0.215587,2306645000,407055000,80456400,0.249307
Wells Fargo,Baseline,Q0,0.113785,0.362639,1501476000,0,0,0.000000
Wells Fargo,Baseline,Q1,0.114119,0.362639,1501476000,0,0,0.000000
Wells Fargo,Baseline,Q2,0.114452,0.362639,1501476000,0,0,0.000000
Wells Fargo,Baseline,Q3,0.114785,0.362639,1501476000,0,0,0.000000
Wells Fargo,Baseline,Q4,0.115119,0.362639,1501476000,0,0,0.000000
Wells Fargo,Baseline,Q5,0.115452,0.362639,1501476000,0,0,0.000000
Wells Fargo,Baseline,Q6,0.115785,0.362639,1501476000,0,0,0.000000
Wells Fargo,Baseline,Q7,0.116119,0.362639,1501476000,0,0,0.000000
Wells Fargo,Baseline,Q8,0.116452,0.362639,1501476000,0,0,0.000000
Wells Fargo,Baseline,Q9,0.116785,0.362639,1501476000,0,0,0.000000
Wells Fargo,Adverse,Q0,0.113785,0.362639,1501476000,0,0,0.000000
Wells Fargo,Adverse,Q1,0.111785,0.354416,1482707550,18768450,3367440,0.022047
Wells Fargo,Adverse,Q2,0.109785,0.346192,1463939100,37536900,6734880,0.044095
Wells Fargo,Adverse,Q3,0.107785,0.337968,1445170650,56305350,10102320,0.066142
Wells Fargo,Adverse,Q4,0.105785,0.329744,1426402200,75073800,13469760,0.088189
Wells Fargo,Adverse,Q5,0.103785,0.329744,1426402200,75073800,13469760,0.088189
Wells Fargo,Adverse,Q6,0.103785,0.329744,1426402200,75073800,13469760,0.088189
Wells Fargo,Adverse,Q7,0.103785,0.329744,1426402200,75073800,13469760,0.088189
Wells Fargo,Adverse,Q8,0.103785,0.329744,1426402200,75073800,13469760,0.088189
Wells Fargo,Adverse,Q9,0.103785,0.329744,1426402200,75073800,13469760,0.088189
Wells Fargo,Severely Adverse,Q0,0.113785,0.362639,1501476000,0,0,0.000000
Wells Fargo,Severely Adverse,Q1,0.107785,0.313296,1388865300,112610700,22449600,0.146982
Wells Fargo,Severely Adverse,Q2,0.102785,0.263953,1276254600,225221400,44899200,0.293964
Wells Fargo,Severely Adverse,Q3,0.098785,0.263953,1276254600,225221400,44899200,0.293964
Wells Fargo,Severely Adverse,Q4,0.095785,0.263953,1276254600,225221400,44899200,0.293964
Wells Fargo,Severely Adverse,Q5,0.096785,0.263953,1276254600,225221400,44899200,0.293964
Wells Fargo,Severely Adverse,Q6,0.097785,0.263953,1276254600,225221400,44899200,0.293964
Wells Fargo,Severely Adverse,Q7,0.098785,0.263953,1276254600,225221400,44899200,0.293964
Wells Fargo,Severely Adverse,Q8,0.099785,0.263953,1276254600,225221400,44899200,0.293964
Wells Fargo,Severely Adverse,Q9,0.100785,0.263953,1276254600,225221400,44899200,0.293964
