quarter_end,rssd_id,tier1_capital,risk_weighted_assets,tier1_ratio_reported_pct,source_file
2024-09-30,1039502,292333000,1782721370,16.3981,BHCF20240930.ZIP (FFIEC NIC FR Y-9C HC-R BHCA8274 / BHCAA223 / BHCA7206)
2024-09-30,1073757,222942000,1688751000,13.2016,BHCF20240930.ZIP (FFIEC NIC FR Y-9C HC-R BHCA8274 / BHCAA223 / BHCA7206)
2024-09-30,1120754,156597000,1219917480,12.8367,BHCF20240930.ZIP (FFIEC NIC FR Y-9C HC-R BHCA8274 / BHCAA223 / BHCA7206)
2024-09-30,1951350,175788000,1153150000,15.2442,BHCF20240930.ZIP (FFIEC NIC FR Y-9C HC-R BHCA8274 / BHCAA223 / BHCA7206)
2024-09-30,2380443,115138000,698198435,16.4907,BHCF20240930.ZIP (FFIEC NIC FR Y-9C HC-R BHCA8274 / BHCAA223 / BHCA7206)
2024-12-31,1039502,294881000,1757460260,16.7788,BHCF20241231.ZIP (FFIEC NIC FR Y-9C HC-R BHCA8274 / BHCAA223 / BHCA7206)
2024-12-31,1073757,223458000,1695743000,13.1776,BHCF20241231.ZIP (FFIEC NIC FR Y-9C HC-R BHCA8274 / BHCAA223 / BHCA7206)
2024-12-31,1120754,152866000,1216145740,12.5697,BHCF20241231.ZIP (FFIEC NIC FR Y-9C HC-R BHCA8274 / BHCAA223 / BHCA7206)
2024-12-31,1951350,174527000,1139988000,15.3095,BHCF20241231.ZIP (FFIEC NIC FR Y-9C HC-R BHCA8274 / BHCAA223 / BHCA7206)
2024-12-31,2380443,115647000,688540845,16.7960,BHCF20241231.ZIP (FFIEC NIC FR Y-9C HC-R BHCA8274 / BHCAA223 / BHCA7206)
2025-03-31,1039502,299132000,1815045365,16.4807,BHCF20250331.ZIP (FFIEC NIC FR Y-9C HC-R BHCA8274 / BHCAA223 / BHCA7206)
2025-03-31,1073757,221666000,1711025000,12.9552,BHCF20250331.ZIP (FFIEC NIC FR Y-9C HC-R BHCA8274 / BHCAA223 / BHCA7206)
2025-03-31,1120754,153855000,1222030830,12.5901,BHCF20250331.ZIP (FFIEC NIC FR Y-9C HC-R BHCA8274 / BHCAA223 / BHCA7206)
2025-03-31,1951350,175514000,1162306000,15.1005,BHCF20250331.ZIP (FFIEC NIC FR Y-9C HC-R BHCA8274 / BHCAA223 / BHCA7206)
2025-03-31,2380443,117488000,692743287,16.9598,BHCF20250331.ZIP (FFIEC NIC FR Y-9C HC-R BHCA8274 / BHCAA223 / BHCA7206)
2025-06-30,1039502,303189000,1882717775,16.1038,BHCF20250630.ZIP (FFIEC NIC FR Y-9C HC-R BHCA8274 / BHCAA223 / BHCA7206)
2025-06-30,1073757,224684000,1748273000,12.8518,BHCF20250630.ZIP (FFIEC NIC FR Y-9C HC-R BHCA8274 / BHCAA223 / BHCA7206)
2025-06-30,1120754,152662000,1225863000,12.4534,BHCF20250630.ZIP (FFIEC NIC FR Y-9C HC-R BHCA8274 / BHCAA223 / BHCA7206)
2025-06-30,1951350,176619000,1178756000,14.9835,BHCF20250630.ZIP (FFIEC NIC FR Y-9C HC-R BHCA8274 / BHCAA223 / BHCA7206)
2025-06-30,2380443,117388000,709440965,16.5465,BHCF20250630.ZIP (FFIEC NIC FR Y-9C HC-R BHCA8274 / BHCAA223 / BHCA7206)
2025-09-30,1039502,306599000,1935867510,15.8378,BHCF20250930.ZIP (FFIEC NIC FR Y-9C HC-R BHCA8274 / BHCAA223 / BHCA7206)
2025-09-30,1073757,228829000,1750950000,13.0688,BHCF20250930.ZIP (FFIEC NIC FR Y-9C HC-R BHCA8274 / BHCAA223 / BHCA7206)
2025-09-30,1120754,152817000,1242444840,12.2997,BHCF20250930.ZIP (FFIEC NIC FR Y-9C HC-R BHCA8274 / BHCAA223 / BHCA7206)
2025-09-30,1951350,178793000,1194274000,14.9709,BHCF20250930.ZIP (FFIEC NIC FR Y-9C HC-R BHCA8274 / BHCAA223 / BHCA7206)
2025-09-30,2380443,118515000,723406000,16.3829,BHCF20250930.ZIP (FFIEC NIC FR Y-9C HC-R BHCA8274 / BHCAA223 / BHCA7206)
2025-12-31,1039502,307630000,1981692160,15.5236,BHCF20251231.ZIP (FFIEC NIC FR Y-9C HC-R BHCA8274 / BHCAA223 / BHCA7206)
2025-12-31,1073757,227382000,1772941000,12.8251,BHCF20251231.ZIP (FFIEC NIC FR Y-9C HC-R BHCA8274 / BHCAA223 / BHCA7206)
2025-12-31,1120754,153567000,1294609180,11.8620,BHCF20251231.ZIP (FFIEC NIC FR Y-9C HC-R BHCA8274 / BHCAA223 / BHCA7206)
2025-12-31,1951350,179675000,1192174000,15.0712,BHCF20251231.ZIP (FFIEC NIC FR Y-9C HC-R BHCA8274 / BHCAA223 / BHCA7206)
2025-12-31,2380443,118943000,727338000,16.3532,BHCF20251231.ZIP (FFIEC NIC FR Y-9C HC-R BHCA8274 / BHCAA223 / BHCA7206)
2026-03-31,1039502,310317000,2039324635,15.2167,BHCF20260331.ZIP (FFIEC NIC FR Y-9C HC-R BHCA8274 / BHCAA223 / BHCA7206)
2026-03-31,1073757,224671000,1778126000,12.6353,BHCF20260331.ZIP (FFIEC NIC FR Y-9C HC-R BHCA8274 / BHCAA223 / BHCA7206)
2026-03-31,1120754,150430000,1315967760,11.4311,BHCF20260331.ZIP (FFIEC NIC FR Y-9C HC-R BHCA8274 / BHCAA223 / BHCA7206)
2026-03-31,1951350,176885000,1214025000,14.5701,BHCF20260331.ZIP (FFIEC NIC FR Y-9C HC-R BHCA8274 / BHCAA223 / BHCA7206)
2026-03-31,2380443,115189000,815106000,14.1318,BHCF20260331.ZIP (FFIEC NIC FR Y-9C HC-R BHCA8274 / BHCAA223 / BHCA7206)
2026-06-30,1039502,322720000,2132427745,15.1339,BHCF20260630.ZIP (FFIEC NIC FR Y-9C HC-R BHCA8274 / BHCAA223 / BHCA7206)
2026-06-30,1073757,226568000,1792202000,12.6419,BHCF20260630.ZIP (FFIEC NIC FR Y-9C HC-R BHCA8274 / BHCAA223 / BHCA7206)
2026-06-30,1120754,152737000,1342324680,11.3785,BHCF20260630.ZIP (FFIEC NIC FR Y-9C HC-R BHCA8274 / BHCAA223 / BHCA7206)
2026-06-30,1951350,180941000,1232309000,14.6831,BHCF20260630.ZIP (FFIEC NIC FR Y-9C HC-R BHCA8274 / BHCAA223 / BHCA7206)
2026-06-30,2380443,114382000,790640000,14.4670,BHCF20260630.ZIP (FFIEC NIC FR Y-9C HC-R BHCA8274 / BHCAA223 / BHCA7206)
